left_item_spec,right_item_spec
ca.pcpartpicker.com//0,ca.pcpartpicker.com//215
ca.pcpartpicker.com//0,ca.pcpartpicker.com//242
ca.pcpartpicker.com//0,ca.pcpartpicker.com//26
ca.pcpartpicker.com//0,ca.pcpartpicker.com//338
ca.pcpartpicker.com//0,ca.pcpartpicker.com//428
ca.pcpartpicker.com//0,ca.pcpartpicker.com//43
ca.pcpartpicker.com//0,ca.pcpartpicker.com//471
ca.pcpartpicker.com//0,ca.pcpartpicker.com//485
ca.pcpartpicker.com//0,ca.pcpartpicker.com//503
ca.pcpartpicker.com//0,ca.pcpartpicker.com//57
ca.pcpartpicker.com//0,ca.pcpartpicker.com//648
ca.pcpartpicker.com//0,ca.pcpartpicker.com//650
ca.pcpartpicker.com//0,ca.pcpartpicker.com//704
ca.pcpartpicker.com//0,ce.yikus.com//1041
ca.pcpartpicker.com//0,ce.yikus.com//1233
ca.pcpartpicker.com//0,ce.yikus.com//1281
ca.pcpartpicker.com//0,ce.yikus.com//509
ca.pcpartpicker.com//0,ce.yikus.com//587
ca.pcpartpicker.com//0,ce.yikus.com//60
ca.pcpartpicker.com//0,ce.yikus.com//735
ca.pcpartpicker.com//0,www.pcconnection.com//1319
ca.pcpartpicker.com//0,www.pcconnection.com//1344
ca.pcpartpicker.com//0,www.pcconnection.com//1411
ca.pcpartpicker.com//0,www.pcconnection.com//1910
ca.pcpartpicker.com//0,www.pcconnection.com//1924
ca.pcpartpicker.com//0,www.pcconnection.com//1946
ca.pcpartpicker.com//0,www.pcconnection.com//2736
ca.pcpartpicker.com//0,www.pcconnection.com//2759
ca.pcpartpicker.com//0,www.pcconnection.com//3329
ca.pcpartpicker.com//0,www.pcconnection.com//3690
ca.pcpartpicker.com//0,www.pcconnection.com//3819
ca.pcpartpicker.com//0,www.pcconnection.com//555
ca.pcpartpicker.com//0,www.pcconnection.com//737
ca.pcpartpicker.com//215,ca.pcpartpicker.com//242
ca.pcpartpicker.com//215,ca.pcpartpicker.com//26
ca.pcpartpicker.com//215,ca.pcpartpicker.com//338
ca.pcpartpicker.com//215,ca.pcpartpicker.com//428
ca.pcpartpicker.com//215,ca.pcpartpicker.com//43
ca.pcpartpicker.com//215,ca.pcpartpicker.com//471
ca.pcpartpicker.com//215,ca.pcpartpicker.com//485
ca.pcpartpicker.com//215,ca.pcpartpicker.com//503
ca.pcpartpicker.com//215,ca.pcpartpicker.com//57
ca.pcpartpicker.com//215,ca.pcpartpicker.com//648
ca.pcpartpicker.com//215,ca.pcpartpicker.com//650
ca.pcpartpicker.com//215,ca.pcpartpicker.com//704
ca.pcpartpicker.com//215,ce.yikus.com//1041
ca.pcpartpicker.com//215,ce.yikus.com//1233
ca.pcpartpicker.com//215,ce.yikus.com//1281
ca.pcpartpicker.com//215,ce.yikus.com//509
ca.pcpartpicker.com//215,ce.yikus.com//587
ca.pcpartpicker.com//215,ce.yikus.com//60
ca.pcpartpicker.com//215,ce.yikus.com//735
ca.pcpartpicker.com//215,www.pcconnection.com//1319
ca.pcpartpicker.com//215,www.pcconnection.com//1344
ca.pcpartpicker.com//215,www.pcconnection.com//1411
ca.pcpartpicker.com//215,www.pcconnection.com//1910
ca.pcpartpicker.com//215,www.pcconnection.com//1924
ca.pcpartpicker.com//215,www.pcconnection.com//1946
ca.pcpartpicker.com//215,www.pcconnection.com//2736
ca.pcpartpicker.com//215,www.pcconnection.com//2759
ca.pcpartpicker.com//215,www.pcconnection.com//3329
ca.pcpartpicker.com//215,www.pcconnection.com//3690
ca.pcpartpicker.com//215,www.pcconnection.com//3819
ca.pcpartpicker.com//215,www.pcconnection.com//555
ca.pcpartpicker.com//215,www.pcconnection.com//737
ca.pcpartpicker.com//242,ca.pcpartpicker.com//26
ca.pcpartpicker.com//242,ca.pcpartpicker.com//338
ca.pcpartpicker.com//242,ca.pcpartpicker.com//428
ca.pcpartpicker.com//242,ca.pcpartpicker.com//43
ca.pcpartpicker.com//242,ca.pcpartpicker.com//471
ca.pcpartpicker.com//242,ca.pcpartpicker.com//485
ca.pcpartpicker.com//242,ca.pcpartpicker.com//503
ca.pcpartpicker.com//242,ca.pcpartpicker.com//57
ca.pcpartpicker.com//242,ca.pcpartpicker.com//648
ca.pcpartpicker.com//242,ca.pcpartpicker.com//650
ca.pcpartpicker.com//242,ca.pcpartpicker.com//704
ca.pcpartpicker.com//242,ce.yikus.com//1041
ca.pcpartpicker.com//242,ce.yikus.com//1233
ca.pcpartpicker.com//242,ce.yikus.com//1281
ca.pcpartpicker.com//242,ce.yikus.com//509
ca.pcpartpicker.com//242,ce.yikus.com//587
ca.pcpartpicker.com//242,ce.yikus.com//60
ca.pcpartpicker.com//242,ce.yikus.com//735
ca.pcpartpicker.com//242,www.pcconnection.com//1319
ca.pcpartpicker.com//242,www.pcconnection.com//1344
ca.pcpartpicker.com//242,www.pcconnection.com//1411
ca.pcpartpicker.com//242,www.pcconnection.com//1910
ca.pcpartpicker.com//242,www.pcconnection.com//1924
ca.pcpartpicker.com//242,www.pcconnection.com//1946
ca.pcpartpicker.com//242,www.pcconnection.com//2736
ca.pcpartpicker.com//242,www.pcconnection.com//2759
ca.pcpartpicker.com//242,www.pcconnection.com//3329
ca.pcpartpicker.com//242,www.pcconnection.com//3690
ca.pcpartpicker.com//242,www.pcconnection.com//3819
ca.pcpartpicker.com//242,www.pcconnection.com//555
ca.pcpartpicker.com//242,www.pcconnection.com//737
ca.pcpartpicker.com//26,ca.pcpartpicker.com//338
ca.pcpartpicker.com//26,ca.pcpartpicker.com//428
ca.pcpartpicker.com//26,ca.pcpartpicker.com//43
ca.pcpartpicker.com//26,ca.pcpartpicker.com//471
ca.pcpartpicker.com//26,ca.pcpartpicker.com//485
ca.pcpartpicker.com//26,ca.pcpartpicker.com//503
ca.pcpartpicker.com//26,ca.pcpartpicker.com//57
ca.pcpartpicker.com//26,ca.pcpartpicker.com//648
ca.pcpartpicker.com//26,ca.pcpartpicker.com//650
ca.pcpartpicker.com//26,ca.pcpartpicker.com//704
ca.pcpartpicker.com//26,ce.yikus.com//1041
ca.pcpartpicker.com//26,ce.yikus.com//1233
ca.pcpartpicker.com//26,ce.yikus.com//1281
ca.pcpartpicker.com//26,ce.yikus.com//509
ca.pcpartpicker.com//26,ce.yikus.com//587
ca.pcpartpicker.com//26,ce.yikus.com//60
ca.pcpartpicker.com//26,ce.yikus.com//735
ca.pcpartpicker.com//26,www.pcconnection.com//1319
ca.pcpartpicker.com//26,www.pcconnection.com//1344
ca.pcpartpicker.com//26,www.pcconnection.com//1411
ca.pcpartpicker.com//26,www.pcconnection.com//1910
ca.pcpartpicker.com//26,www.pcconnection.com//1924
ca.pcpartpicker.com//26,www.pcconnection.com//1946
ca.pcpartpicker.com//26,www.pcconnection.com//2736
ca.pcpartpicker.com//26,www.pcconnection.com//2759
ca.pcpartpicker.com//26,www.pcconnection.com//3329
ca.pcpartpicker.com//26,www.pcconnection.com//3690
ca.pcpartpicker.com//26,www.pcconnection.com//3819
ca.pcpartpicker.com//26,www.pcconnection.com//555
ca.pcpartpicker.com//26,www.pcconnection.com//737
ca.pcpartpicker.com//338,ca.pcpartpicker.com//428
ca.pcpartpicker.com//338,ca.pcpartpicker.com//43
ca.pcpartpicker.com//338,ca.pcpartpicker.com//471
ca.pcpartpicker.com//338,ca.pcpartpicker.com//485
ca.pcpartpicker.com//338,ca.pcpartpicker.com//503
ca.pcpartpicker.com//338,ca.pcpartpicker.com//57
ca.pcpartpicker.com//338,ca.pcpartpicker.com//648
ca.pcpartpicker.com//338,ca.pcpartpicker.com//650
ca.pcpartpicker.com//338,ca.pcpartpicker.com//704
ca.pcpartpicker.com//338,ce.yikus.com//1041
ca.pcpartpicker.com//338,ce.yikus.com//1233
ca.pcpartpicker.com//338,ce.yikus.com//1281
ca.pcpartpicker.com//338,ce.yikus.com//509
ca.pcpartpicker.com//338,ce.yikus.com//587
ca.pcpartpicker.com//338,ce.yikus.com//60
ca.pcpartpicker.com//338,ce.yikus.com//735
ca.pcpartpicker.com//338,www.pcconnection.com//1319
ca.pcpartpicker.com//338,www.pcconnection.com//1344
ca.pcpartpicker.com//338,www.pcconnection.com//1411
ca.pcpartpicker.com//338,www.pcconnection.com//1910
ca.pcpartpicker.com//338,www.pcconnection.com//1924
ca.pcpartpicker.com//338,www.pcconnection.com//1946
ca.pcpartpicker.com//338,www.pcconnection.com//2736
ca.pcpartpicker.com//338,www.pcconnection.com//2759
ca.pcpartpicker.com//338,www.pcconnection.com//3329
ca.pcpartpicker.com//338,www.pcconnection.com//3690
ca.pcpartpicker.com//338,www.pcconnection.com//3819
ca.pcpartpicker.com//338,www.pcconnection.com//555
ca.pcpartpicker.com//338,www.pcconnection.com//737
ca.pcpartpicker.com//428,ca.pcpartpicker.com//43
ca.pcpartpicker.com//428,ca.pcpartpicker.com//471
ca.pcpartpicker.com//428,ca.pcpartpicker.com//485
ca.pcpartpicker.com//428,ca.pcpartpicker.com//503
ca.pcpartpicker.com//428,ca.pcpartpicker.com//57
ca.pcpartpicker.com//428,ca.pcpartpicker.com//648
ca.pcpartpicker.com//428,ca.pcpartpicker.com//650
ca.pcpartpicker.com//428,ca.pcpartpicker.com//704
ca.pcpartpicker.com//428,ce.yikus.com//1041
ca.pcpartpicker.com//428,ce.yikus.com//1233
ca.pcpartpicker.com//428,ce.yikus.com//1281
ca.pcpartpicker.com//428,ce.yikus.com//509
ca.pcpartpicker.com//428,ce.yikus.com//587
ca.pcpartpicker.com//428,ce.yikus.com//60
ca.pcpartpicker.com//428,ce.yikus.com//735
ca.pcpartpicker.com//428,www.pcconnection.com//1319
ca.pcpartpicker.com//428,www.pcconnection.com//1344
ca.pcpartpicker.com//428,www.pcconnection.com//1411
ca.pcpartpicker.com//428,www.pcconnection.com//1910
ca.pcpartpicker.com//428,www.pcconnection.com//1924
ca.pcpartpicker.com//428,www.pcconnection.com//1946
ca.pcpartpicker.com//428,www.pcconnection.com//2736
ca.pcpartpicker.com//428,www.pcconnection.com//2759
ca.pcpartpicker.com//428,www.pcconnection.com//3329
ca.pcpartpicker.com//428,www.pcconnection.com//3690
ca.pcpartpicker.com//428,www.pcconnection.com//3819
ca.pcpartpicker.com//428,www.pcconnection.com//555
ca.pcpartpicker.com//428,www.pcconnection.com//737
ca.pcpartpicker.com//43,ca.pcpartpicker.com//471
ca.pcpartpicker.com//43,ca.pcpartpicker.com//485
ca.pcpartpicker.com//43,ca.pcpartpicker.com//503
ca.pcpartpicker.com//43,ca.pcpartpicker.com//57
ca.pcpartpicker.com//43,ca.pcpartpicker.com//648
ca.pcpartpicker.com//43,ca.pcpartpicker.com//650
ca.pcpartpicker.com//43,ca.pcpartpicker.com//704
ca.pcpartpicker.com//43,ce.yikus.com//1041
ca.pcpartpicker.com//43,ce.yikus.com//1233
ca.pcpartpicker.com//43,ce.yikus.com//1281
ca.pcpartpicker.com//43,ce.yikus.com//509
ca.pcpartpicker.com//43,ce.yikus.com//587
ca.pcpartpicker.com//43,ce.yikus.com//60
ca.pcpartpicker.com//43,ce.yikus.com//735
ca.pcpartpicker.com//43,www.pcconnection.com//1319
ca.pcpartpicker.com//43,www.pcconnection.com//1344
ca.pcpartpicker.com//43,www.pcconnection.com//1411
ca.pcpartpicker.com//43,www.pcconnection.com//1910
ca.pcpartpicker.com//43,www.pcconnection.com//1924
ca.pcpartpicker.com//43,www.pcconnection.com//1946
ca.pcpartpicker.com//43,www.pcconnection.com//2736
ca.pcpartpicker.com//43,www.pcconnection.com//2759
ca.pcpartpicker.com//43,www.pcconnection.com//3329
ca.pcpartpicker.com//43,www.pcconnection.com//3690
ca.pcpartpicker.com//43,www.pcconnection.com//3819
ca.pcpartpicker.com//43,www.pcconnection.com//555
ca.pcpartpicker.com//43,www.pcconnection.com//737
ca.pcpartpicker.com//471,ca.pcpartpicker.com//485
ca.pcpartpicker.com//471,ca.pcpartpicker.com//503
ca.pcpartpicker.com//471,ca.pcpartpicker.com//57
ca.pcpartpicker.com//471,ca.pcpartpicker.com//648
ca.pcpartpicker.com//471,ca.pcpartpicker.com//650
ca.pcpartpicker.com//471,ca.pcpartpicker.com//704
ca.pcpartpicker.com//471,ce.yikus.com//1041
ca.pcpartpicker.com//471,ce.yikus.com//1233
ca.pcpartpicker.com//471,ce.yikus.com//1281
ca.pcpartpicker.com//471,ce.yikus.com//509
ca.pcpartpicker.com//471,ce.yikus.com//587
ca.pcpartpicker.com//471,ce.yikus.com//60
ca.pcpartpicker.com//471,ce.yikus.com//735
ca.pcpartpicker.com//471,www.pcconnection.com//1319
ca.pcpartpicker.com//471,www.pcconnection.com//1344
ca.pcpartpicker.com//471,www.pcconnection.com//1411
ca.pcpartpicker.com//471,www.pcconnection.com//1910
ca.pcpartpicker.com//471,www.pcconnection.com//1924
ca.pcpartpicker.com//471,www.pcconnection.com//1946
ca.pcpartpicker.com//471,www.pcconnection.com//2736
ca.pcpartpicker.com//471,www.pcconnection.com//2759
ca.pcpartpicker.com//471,www.pcconnection.com//3329
ca.pcpartpicker.com//471,www.pcconnection.com//3690
ca.pcpartpicker.com//471,www.pcconnection.com//3819
ca.pcpartpicker.com//471,www.pcconnection.com//555
ca.pcpartpicker.com//471,www.pcconnection.com//737
ca.pcpartpicker.com//485,ca.pcpartpicker.com//503
ca.pcpartpicker.com//485,ca.pcpartpicker.com//57
ca.pcpartpicker.com//485,ca.pcpartpicker.com//648
ca.pcpartpicker.com//485,ca.pcpartpicker.com//650
ca.pcpartpicker.com//485,ca.pcpartpicker.com//704
ca.pcpartpicker.com//485,ce.yikus.com//1041
ca.pcpartpicker.com//485,ce.yikus.com//1233
ca.pcpartpicker.com//485,ce.yikus.com//1281
ca.pcpartpicker.com//485,ce.yikus.com//509
ca.pcpartpicker.com//485,ce.yikus.com//587
ca.pcpartpicker.com//485,ce.yikus.com//60
ca.pcpartpicker.com//485,ce.yikus.com//735
ca.pcpartpicker.com//485,www.pcconnection.com//1319
ca.pcpartpicker.com//485,www.pcconnection.com//1344
ca.pcpartpicker.com//485,www.pcconnection.com//1411
ca.pcpartpicker.com//485,www.pcconnection.com//1910
ca.pcpartpicker.com//485,www.pcconnection.com//1924
ca.pcpartpicker.com//485,www.pcconnection.com//1946
ca.pcpartpicker.com//485,www.pcconnection.com//2736
ca.pcpartpicker.com//485,www.pcconnection.com//2759
ca.pcpartpicker.com//485,www.pcconnection.com//3329
ca.pcpartpicker.com//485,www.pcconnection.com//3690
ca.pcpartpicker.com//485,www.pcconnection.com//3819
ca.pcpartpicker.com//485,www.pcconnection.com//555
ca.pcpartpicker.com//485,www.pcconnection.com//737
ca.pcpartpicker.com//503,ca.pcpartpicker.com//57
ca.pcpartpicker.com//503,ca.pcpartpicker.com//648
ca.pcpartpicker.com//503,ca.pcpartpicker.com//650
ca.pcpartpicker.com//503,ca.pcpartpicker.com//704
ca.pcpartpicker.com//503,ce.yikus.com//1041
ca.pcpartpicker.com//503,ce.yikus.com//1233
ca.pcpartpicker.com//503,ce.yikus.com//1281
ca.pcpartpicker.com//503,ce.yikus.com//509
ca.pcpartpicker.com//503,ce.yikus.com//587
ca.pcpartpicker.com//503,ce.yikus.com//60
ca.pcpartpicker.com//503,ce.yikus.com//735
ca.pcpartpicker.com//503,www.pcconnection.com//1319
ca.pcpartpicker.com//503,www.pcconnection.com//1344
ca.pcpartpicker.com//503,www.pcconnection.com//1411
ca.pcpartpicker.com//503,www.pcconnection.com//1910
ca.pcpartpicker.com//503,www.pcconnection.com//1924
ca.pcpartpicker.com//503,www.pcconnection.com//1946
ca.pcpartpicker.com//503,www.pcconnection.com//2736
ca.pcpartpicker.com//503,www.pcconnection.com//2759
ca.pcpartpicker.com//503,www.pcconnection.com//3329
ca.pcpartpicker.com//503,www.pcconnection.com//3690
ca.pcpartpicker.com//503,www.pcconnection.com//3819
ca.pcpartpicker.com//503,www.pcconnection.com//555
ca.pcpartpicker.com//503,www.pcconnection.com//737
ca.pcpartpicker.com//57,ca.pcpartpicker.com//648
ca.pcpartpicker.com//57,ca.pcpartpicker.com//650
ca.pcpartpicker.com//57,ca.pcpartpicker.com//704
ca.pcpartpicker.com//57,ce.yikus.com//1041
ca.pcpartpicker.com//57,ce.yikus.com//1233
ca.pcpartpicker.com//57,ce.yikus.com//1281
ca.pcpartpicker.com//57,ce.yikus.com//509
ca.pcpartpicker.com//57,ce.yikus.com//587
ca.pcpartpicker.com//57,ce.yikus.com//60
ca.pcpartpicker.com//57,ce.yikus.com//735
ca.pcpartpicker.com//57,www.pcconnection.com//1319
ca.pcpartpicker.com//57,www.pcconnection.com//1344
ca.pcpartpicker.com//57,www.pcconnection.com//1411
ca.pcpartpicker.com//57,www.pcconnection.com//1910
ca.pcpartpicker.com//57,www.pcconnection.com//1924
ca.pcpartpicker.com//57,www.pcconnection.com//1946
ca.pcpartpicker.com//57,www.pcconnection.com//2736
ca.pcpartpicker.com//57,www.pcconnection.com//2759
ca.pcpartpicker.com//57,www.pcconnection.com//3329
ca.pcpartpicker.com//57,www.pcconnection.com//3690
ca.pcpartpicker.com//57,www.pcconnection.com//3819
ca.pcpartpicker.com//57,www.pcconnection.com//555
ca.pcpartpicker.com//57,www.pcconnection.com//737
ca.pcpartpicker.com//648,ca.pcpartpicker.com//650
ca.pcpartpicker.com//648,ca.pcpartpicker.com//704
ca.pcpartpicker.com//648,ce.yikus.com//1041
ca.pcpartpicker.com//648,ce.yikus.com//1233
ca.pcpartpicker.com//648,ce.yikus.com//1281
ca.pcpartpicker.com//648,ce.yikus.com//509
ca.pcpartpicker.com//648,ce.yikus.com//587
ca.pcpartpicker.com//648,ce.yikus.com//60
ca.pcpartpicker.com//648,ce.yikus.com//735
ca.pcpartpicker.com//648,www.pcconnection.com//1319
ca.pcpartpicker.com//648,www.pcconnection.com//1344
ca.pcpartpicker.com//648,www.pcconnection.com//1411
ca.pcpartpicker.com//648,www.pcconnection.com//1910
ca.pcpartpicker.com//648,www.pcconnection.com//1924
ca.pcpartpicker.com//648,www.pcconnection.com//1946
ca.pcpartpicker.com//648,www.pcconnection.com//2736
ca.pcpartpicker.com//648,www.pcconnection.com//2759
ca.pcpartpicker.com//648,www.pcconnection.com//3329
ca.pcpartpicker.com//648,www.pcconnection.com//3690
ca.pcpartpicker.com//648,www.pcconnection.com//3819
ca.pcpartpicker.com//648,www.pcconnection.com//555
ca.pcpartpicker.com//648,www.pcconnection.com//737
ca.pcpartpicker.com//650,ca.pcpartpicker.com//704
ca.pcpartpicker.com//650,ce.yikus.com//1041
ca.pcpartpicker.com//650,ce.yikus.com//1233
ca.pcpartpicker.com//650,ce.yikus.com//1281
ca.pcpartpicker.com//650,ce.yikus.com//509
ca.pcpartpicker.com//650,ce.yikus.com//587
ca.pcpartpicker.com//650,ce.yikus.com//60
ca.pcpartpicker.com//650,ce.yikus.com//735
ca.pcpartpicker.com//650,www.pcconnection.com//1319
ca.pcpartpicker.com//650,www.pcconnection.com//1344
ca.pcpartpicker.com//650,www.pcconnection.com//1411
ca.pcpartpicker.com//650,www.pcconnection.com//1910
ca.pcpartpicker.com//650,www.pcconnection.com//1924
ca.pcpartpicker.com//650,www.pcconnection.com//1946
ca.pcpartpicker.com//650,www.pcconnection.com//2736
ca.pcpartpicker.com//650,www.pcconnection.com//2759
ca.pcpartpicker.com//650,www.pcconnection.com//3329
ca.pcpartpicker.com//650,www.pcconnection.com//3690
ca.pcpartpicker.com//650,www.pcconnection.com//3819
ca.pcpartpicker.com//650,www.pcconnection.com//555
ca.pcpartpicker.com//650,www.pcconnection.com//737
ca.pcpartpicker.com//704,ce.yikus.com//1041
ca.pcpartpicker.com//704,ce.yikus.com//1233
ca.pcpartpicker.com//704,ce.yikus.com//1281
ca.pcpartpicker.com//704,ce.yikus.com//509
ca.pcpartpicker.com//704,ce.yikus.com//587
ca.pcpartpicker.com//704,ce.yikus.com//60
ca.pcpartpicker.com//704,ce.yikus.com//735
ca.pcpartpicker.com//704,www.pcconnection.com//1319
ca.pcpartpicker.com//704,www.pcconnection.com//1344
ca.pcpartpicker.com//704,www.pcconnection.com//1411
ca.pcpartpicker.com//704,www.pcconnection.com//1910
ca.pcpartpicker.com//704,www.pcconnection.com//1924
ca.pcpartpicker.com//704,www.pcconnection.com//1946
ca.pcpartpicker.com//704,www.pcconnection.com//2736
ca.pcpartpicker.com//704,www.pcconnection.com//2759
ca.pcpartpicker.com//704,www.pcconnection.com//3329
ca.pcpartpicker.com//704,www.pcconnection.com//3690
ca.pcpartpicker.com//704,www.pcconnection.com//3819
ca.pcpartpicker.com//704,www.pcconnection.com//555
ca.pcpartpicker.com//704,www.pcconnection.com//737
ce.yikus.com//1041,ce.yikus.com//1233
ce.yikus.com//1041,ce.yikus.com//1281
ce.yikus.com//1041,ce.yikus.com//509
ce.yikus.com//1041,ce.yikus.com//587
ce.yikus.com//1041,ce.yikus.com//60
ce.yikus.com//1041,ce.yikus.com//735
ce.yikus.com//1041,www.pcconnection.com//1319
ce.yikus.com//1041,www.pcconnection.com//1344
ce.yikus.com//1041,www.pcconnection.com//1411
ce.yikus.com//1041,www.pcconnection.com//1910
ce.yikus.com//1041,www.pcconnection.com//1924
ce.yikus.com//1041,www.pcconnection.com//1946
ce.yikus.com//1041,www.pcconnection.com//2736
ce.yikus.com//1041,www.pcconnection.com//2759
ce.yikus.com//1041,www.pcconnection.com//3329
ce.yikus.com//1041,www.pcconnection.com//3690
ce.yikus.com//1041,www.pcconnection.com//3819
ce.yikus.com//1041,www.pcconnection.com//555
ce.yikus.com//1041,www.pcconnection.com//737
ce.yikus.com//1233,ce.yikus.com//1281
ce.yikus.com//1233,ce.yikus.com//509
ce.yikus.com//1233,ce.yikus.com//587
ce.yikus.com//1233,ce.yikus.com//60
ce.yikus.com//1233,ce.yikus.com//735
ce.yikus.com//1233,www.pcconnection.com//1319
ce.yikus.com//1233,www.pcconnection.com//1344
ce.yikus.com//1233,www.pcconnection.com//1411
ce.yikus.com//1233,www.pcconnection.com//1910
ce.yikus.com//1233,www.pcconnection.com//1924
ce.yikus.com//1233,www.pcconnection.com//1946
ce.yikus.com//1233,www.pcconnection.com//2736
ce.yikus.com//1233,www.pcconnection.com//2759
ce.yikus.com//1233,www.pcconnection.com//3329
ce.yikus.com//1233,www.pcconnection.com//3690
ce.yikus.com//1233,www.pcconnection.com//3819
ce.yikus.com//1233,www.pcconnection.com//555
ce.yikus.com//1233,www.pcconnection.com//737
ce.yikus.com//1281,ce.yikus.com//509
ce.yikus.com//1281,ce.yikus.com//587
ce.yikus.com//1281,ce.yikus.com//60
ce.yikus.com//1281,ce.yikus.com//735
ce.yikus.com//1281,www.pcconnection.com//1319
ce.yikus.com//1281,www.pcconnection.com//1344
ce.yikus.com//1281,www.pcconnection.com//1411
ce.yikus.com//1281,www.pcconnection.com//1910
ce.yikus.com//1281,www.pcconnection.com//1924
ce.yikus.com//1281,www.pcconnection.com//1946
ce.yikus.com//1281,www.pcconnection.com//2736
ce.yikus.com//1281,www.pcconnection.com//2759
ce.yikus.com//1281,www.pcconnection.com//3329
ce.yikus.com//1281,www.pcconnection.com//3690
ce.yikus.com//1281,www.pcconnection.com//3819
ce.yikus.com//1281,www.pcconnection.com//555
ce.yikus.com//1281,www.pcconnection.com//737
ce.yikus.com//509,ce.yikus.com//587
ce.yikus.com//509,ce.yikus.com//60
ce.yikus.com//509,ce.yikus.com//735
ce.yikus.com//509,www.pcconnection.com//1319
ce.yikus.com//509,www.pcconnection.com//1344
ce.yikus.com//509,www.pcconnection.com//1411
ce.yikus.com//509,www.pcconnection.com//1910
ce.yikus.com//509,www.pcconnection.com//1924
ce.yikus.com//509,www.pcconnection.com//1946
ce.yikus.com//509,www.pcconnection.com//2736
ce.yikus.com//509,www.pcconnection.com//2759
ce.yikus.com//509,www.pcconnection.com//3329
ce.yikus.com//509,www.pcconnection.com//3690
ce.yikus.com//509,www.pcconnection.com//3819
ce.yikus.com//509,www.pcconnection.com//555
ce.yikus.com//509,www.pcconnection.com//737
ce.yikus.com//587,ce.yikus.com//60
ce.yikus.com//587,ce.yikus.com//735
ce.yikus.com//587,www.pcconnection.com//1319
ce.yikus.com//587,www.pcconnection.com//1344
ce.yikus.com//587,www.pcconnection.com//1411
ce.yikus.com//587,www.pcconnection.com//1910
ce.yikus.com//587,www.pcconnection.com//1924
ce.yikus.com//587,www.pcconnection.com//1946
ce.yikus.com//587,www.pcconnection.com//2736
ce.yikus.com//587,www.pcconnection.com//2759
ce.yikus.com//587,www.pcconnection.com//3329
ce.yikus.com//587,www.pcconnection.com//3690
ce.yikus.com//587,www.pcconnection.com//3819
ce.yikus.com//587,www.pcconnection.com//555
ce.yikus.com//587,www.pcconnection.com//737
ce.yikus.com//60,ce.yikus.com//735
ce.yikus.com//60,www.pcconnection.com//1319
ce.yikus.com//60,www.pcconnection.com//1344
ce.yikus.com//60,www.pcconnection.com//1411
ce.yikus.com//60,www.pcconnection.com//1910
ce.yikus.com//60,www.pcconnection.com//1924
ce.yikus.com//60,www.pcconnection.com//1946
ce.yikus.com//60,www.pcconnection.com//2736
ce.yikus.com//60,www.pcconnection.com//2759
ce.yikus.com//60,www.pcconnection.com//3329
ce.yikus.com//60,www.pcconnection.com//3690
ce.yikus.com//60,www.pcconnection.com//3819
ce.yikus.com//60,www.pcconnection.com//555
ce.yikus.com//60,www.pcconnection.com//737
ce.yikus.com//735,www.pcconnection.com//1319
ce.yikus.com//735,www.pcconnection.com//1344
ce.yikus.com//735,www.pcconnection.com//1411
ce.yikus.com//735,www.pcconnection.com//1910
ce.yikus.com//735,www.pcconnection.com//1924
ce.yikus.com//735,www.pcconnection.com//1946
ce.yikus.com//735,www.pcconnection.com//2736
ce.yikus.com//735,www.pcconnection.com//2759
ce.yikus.com//735,www.pcconnection.com//3329
ce.yikus.com//735,www.pcconnection.com//3690
ce.yikus.com//735,www.pcconnection.com//3819
ce.yikus.com//735,www.pcconnection.com//555
ce.yikus.com//735,www.pcconnection.com//737
www.pcconnection.com//1319,www.pcconnection.com//1344
www.pcconnection.com//1319,www.pcconnection.com//1411
www.pcconnection.com//1319,www.pcconnection.com//1910
www.pcconnection.com//1319,www.pcconnection.com//1924
www.pcconnection.com//1319,www.pcconnection.com//1946
www.pcconnection.com//1319,www.pcconnection.com//2736
www.pcconnection.com//1319,www.pcconnection.com//2759
www.pcconnection.com//1319,www.pcconnection.com//3329
www.pcconnection.com//1319,www.pcconnection.com//3690
www.pcconnection.com//1319,www.pcconnection.com//3819
www.pcconnection.com//1319,www.pcconnection.com//555
www.pcconnection.com//1319,www.pcconnection.com//737
www.pcconnection.com//1344,www.pcconnection.com//1411
www.pcconnection.com//1344,www.pcconnection.com//1910
www.pcconnection.com//1344,www.pcconnection.com//1924
www.pcconnection.com//1344,www.pcconnection.com//1946
www.pcconnection.com//1344,www.pcconnection.com//2736
www.pcconnection.com//1344,www.pcconnection.com//2759
www.pcconnection.com//1344,www.pcconnection.com//3329
www.pcconnection.com//1344,www.pcconnection.com//3690
www.pcconnection.com//1344,www.pcconnection.com//3819
www.pcconnection.com//1344,www.pcconnection.com//555
www.pcconnection.com//1344,www.pcconnection.com//737
www.pcconnection.com//1411,www.pcconnection.com//1910
www.pcconnection.com//1411,www.pcconnection.com//1924
www.pcconnection.com//1411,www.pcconnection.com//1946
www.pcconnection.com//1411,www.pcconnection.com//2736
www.pcconnection.com//1411,www.pcconnection.com//2759
www.pcconnection.com//1411,www.pcconnection.com//3329
www.pcconnection.com//1411,www.pcconnection.com//3690
www.pcconnection.com//1411,www.pcconnection.com//3819
www.pcconnection.com//1411,www.pcconnection.com//555
www.pcconnection.com//1411,www.pcconnection.com//737
www.pcconnection.com//1910,www.pcconnection.com//1924
www.pcconnection.com//1910,www.pcconnection.com//1946
www.pcconnection.com//1910,www.pcconnection.com//2736
www.pcconnection.com//1910,www.pcconnection.com//2759
www.pcconnection.com//1910,www.pcconnection.com//3329
www.pcconnection.com//1910,www.pcconnection.com//3690
www.pcconnection.com//1910,www.pcconnection.com//3819
www.pcconnection.com//1910,www.pcconnection.com//555
www.pcconnection.com//1910,www.pcconnection.com//737
www.pcconnection.com//1924,www.pcconnection.com//1946
www.pcconnection.com//1924,www.pcconnection.com//2736
www.pcconnection.com//1924,www.pcconnection.com//2759
www.pcconnection.com//1924,www.pcconnection.com//3329
www.pcconnection.com//1924,www.pcconnection.com//3690
www.pcconnection.com//1924,www.pcconnection.com//3819
www.pcconnection.com//1924,www.pcconnection.com//555
www.pcconnection.com//1924,www.pcconnection.com//737
www.pcconnection.com//1946,www.pcconnection.com//2736
www.pcconnection.com//1946,www.pcconnection.com//2759
www.pcconnection.com//1946,www.pcconnection.com//3329
www.pcconnection.com//1946,www.pcconnection.com//3690
www.pcconnection.com//1946,www.pcconnection.com//3819
www.pcconnection.com//1946,www.pcconnection.com//555
www.pcconnection.com//1946,www.pcconnection.com//737
www.pcconnection.com//2736,www.pcconnection.com//2759
www.pcconnection.com//2736,www.pcconnection.com//3329
www.pcconnection.com//2736,www.pcconnection.com//3690
www.pcconnection.com//2736,www.pcconnection.com//3819
www.pcconnection.com//2736,www.pcconnection.com//555
www.pcconnection.com//2736,www.pcconnection.com//737
www.pcconnection.com//2759,www.pcconnection.com//3329
www.pcconnection.com//2759,www.pcconnection.com//3690
www.pcconnection.com//2759,www.pcconnection.com//3819
www.pcconnection.com//2759,www.pcconnection.com//555
www.pcconnection.com//2759,www.pcconnection.com//737
www.pcconnection.com//3329,www.pcconnection.com//3690
www.pcconnection.com//3329,www.pcconnection.com//3819
www.pcconnection.com//3329,www.pcconnection.com//555
www.pcconnection.com//3329,www.pcconnection.com//737
www.pcconnection.com//3690,www.pcconnection.com//3819
www.pcconnection.com//3690,www.pcconnection.com//555
www.pcconnection.com//3690,www.pcconnection.com//737
www.pcconnection.com//3819,www.pcconnection.com//555
www.pcconnection.com//3819,www.pcconnection.com//737
www.pcconnection.com//555,www.pcconnection.com//737
