left_spec_id,right_spec_id
www.best-deal-items.com//346,www.best-deal-items.com//1174
www.best-deal-items.com//346,www.best-deal-items.com//1351
www.best-deal-items.com//346,www.best-deal-items.com//1478
www.best-deal-items.com//346,www.best-deal-items.com//1765
www.best-deal-items.com//346,www.best-deal-items.com//2563
www.best-deal-items.com//346,www.ebay.com//9342
www.best-deal-items.com//346,www.ebay.com//14838
www.best-deal-items.com//346,www.ebay.com//19295
www.best-deal-items.com//346,www.ebay.com//21363
www.best-deal-items.com//346,www.ebay.com//22111
www.best-deal-items.com//1174,www.best-deal-items.com//1351
www.best-deal-items.com//1174,www.best-deal-items.com//1478
www.best-deal-items.com//1174,www.best-deal-items.com//1765
www.best-deal-items.com//1174,www.best-deal-items.com//2563
www.best-deal-items.com//1174,www.ebay.com//9342
www.best-deal-items.com//1174,www.ebay.com//14838
www.best-deal-items.com//1174,www.ebay.com//19295
www.best-deal-items.com//1174,www.ebay.com//21363
www.best-deal-items.com//1174,www.ebay.com//22111
www.best-deal-items.com//1351,www.best-deal-items.com//1478
www.best-deal-items.com//1351,www.best-deal-items.com//1765
www.best-deal-items.com//1351,www.best-deal-items.com//2563
www.best-deal-items.com//1351,www.ebay.com//9342
www.best-deal-items.com//1351,www.ebay.com//14838
www.best-deal-items.com//1351,www.ebay.com//19295
www.best-deal-items.com//1351,www.ebay.com//21363
www.best-deal-items.com//1351,www.ebay.com//22111
www.best-deal-items.com//1478,www.best-deal-items.com//1765
www.best-deal-items.com//1478,www.best-deal-items.com//2563
www.best-deal-items.com//1478,www.ebay.com//9342
www.best-deal-items.com//1478,www.ebay.com//14838
www.best-deal-items.com//1478,www.ebay.com//19295
www.best-deal-items.com//1478,www.ebay.com//21363
www.best-deal-items.com//1478,www.ebay.com//22111
www.best-deal-items.com//1765,www.best-deal-items.com//2563
www.best-deal-items.com//1765,www.ebay.com//9342
www.best-deal-items.com//1765,www.ebay.com//14838
www.best-deal-items.com//1765,www.ebay.com//19295
www.best-deal-items.com//1765,www.ebay.com//21363
www.best-deal-items.com//1765,www.ebay.com//22111
www.best-deal-items.com//2563,www.ebay.com//9342
www.best-deal-items.com//2563,www.ebay.com//14838
www.best-deal-items.com//2563,www.ebay.com//19295
www.best-deal-items.com//2563,www.ebay.com//21363
www.best-deal-items.com//2563,www.ebay.com//22111
www.ebay.com//9342,www.ebay.com//14838
www.ebay.com//9342,www.ebay.com//19295
www.ebay.com//9342,www.ebay.com//21363
www.ebay.com//9342,www.ebay.com//22111
www.ebay.com//14838,www.ebay.com//19295
www.ebay.com//14838,www.ebay.com//21363
www.ebay.com//14838,www.ebay.com//22111
www.ebay.com//19295,www.ebay.com//21363
www.ebay.com//19295,www.ebay.com//22111
www.ebay.com//21363,www.ebay.com//22111
www.best-deal-items.com//117,www.best-deal-items.com//775
www.best-deal-items.com//117,www.best-deal-items.com//1413
www.best-deal-items.com//117,www.best-deal-items.com//1548
www.best-deal-items.com//117,www.ebay.com//11620
www.best-deal-items.com//117,www.ebay.com//14209
www.best-deal-items.com//117,www.ebay.com//17066
www.best-deal-items.com//117,www.ebay.com//18840
www.best-deal-items.com//117,www.ebay.com//20888
www.best-deal-items.com//117,www.ebay.com//20923
www.best-deal-items.com//117,www.ebay.com//21596
www.best-deal-items.com//117,www.ebay.com//22417
www.best-deal-items.com//775,www.best-deal-items.com//1413
www.best-deal-items.com//775,www.best-deal-items.com//1548
www.best-deal-items.com//775,www.ebay.com//11620
www.best-deal-items.com//775,www.ebay.com//14209
www.best-deal-items.com//775,www.ebay.com//17066
www.best-deal-items.com//775,www.ebay.com//18840
www.best-deal-items.com//775,www.ebay.com//20888
www.best-deal-items.com//775,www.ebay.com//20923
www.best-deal-items.com//775,www.ebay.com//21596
www.best-deal-items.com//775,www.ebay.com//22417
www.best-deal-items.com//1413,www.best-deal-items.com//1548
www.best-deal-items.com//1413,www.ebay.com//11620
www.best-deal-items.com//1413,www.ebay.com//14209
www.best-deal-items.com//1413,www.ebay.com//17066
www.best-deal-items.com//1413,www.ebay.com//18840
www.best-deal-items.com//1413,www.ebay.com//20888
www.best-deal-items.com//1413,www.ebay.com//20923
www.best-deal-items.com//1413,www.ebay.com//21596
www.best-deal-items.com//1413,www.ebay.com//22417
www.best-deal-items.com//1548,www.ebay.com//11620
www.best-deal-items.com//1548,www.ebay.com//14209
www.best-deal-items.com//1548,www.ebay.com//17066
www.best-deal-items.com//1548,www.ebay.com//18840
www.best-deal-items.com//1548,www.ebay.com//20888
www.best-deal-items.com//1548,www.ebay.com//20923
www.best-deal-items.com//1548,www.ebay.com//21596
www.best-deal-items.com//1548,www.ebay.com//22417
www.ebay.com//11620,www.ebay.com//14209
www.ebay.com//11620,www.ebay.com//17066
www.ebay.com//11620,www.ebay.com//18840
www.ebay.com//11620,www.ebay.com//20888
www.ebay.com//11620,www.ebay.com//20923
www.ebay.com//11620,www.ebay.com//21596
www.ebay.com//11620,www.ebay.com//22417
www.ebay.com//14209,www.ebay.com//17066
www.ebay.com//14209,www.ebay.com//18840
www.ebay.com//14209,www.ebay.com//20888
www.ebay.com//14209,www.ebay.com//20923
www.ebay.com//14209,www.ebay.com//21596
www.ebay.com//14209,www.ebay.com//22417
www.ebay.com//17066,www.ebay.com//18840
www.ebay.com//17066,www.ebay.com//20888
www.ebay.com//17066,www.ebay.com//20923
www.ebay.com//17066,www.ebay.com//21596
www.ebay.com//17066,www.ebay.com//22417
www.ebay.com//18840,www.ebay.com//20888
www.ebay.com//18840,www.ebay.com//20923
www.ebay.com//18840,www.ebay.com//21596
www.ebay.com//18840,www.ebay.com//22417
www.ebay.com//20888,www.ebay.com//20923
www.ebay.com//20888,www.ebay.com//21596
www.ebay.com//20888,www.ebay.com//22417
www.ebay.com//20923,www.ebay.com//21596
www.ebay.com//20923,www.ebay.com//22417
www.ebay.com//21596,www.ebay.com//22417
